,Company,Average,Lowest,Highest,Python,aws,sql,keras,pytorch,scikit,tensor,hadoop,tableau,RoleName,Rel-Experience,Total_Exp,Prev-CTC
0,Tech Mahindra,937156.0,418054.0,2335432.0,1,0,0,0,0,0,0,0,1,0,0,4,448317.0
1,Optum,1508702.0,887265.0,2400000.0,1,0,0,0,0,0,0,0,0,0,0,8,1003118.0
2,HCL Technologies,887986.0,416339.0,1926785.0,1,0,0,0,0,0,0,0,0,0,0,3,477401.0
3,Genpact,972181.0,249195.0,2382853.0,1,0,1,0,0,0,0,0,0,0,0,4,655937.0
4,LTI,832677.0,246200.0,2600000.0,1,1,1,0,0,0,0,0,0,0,0,4,613464.0
5,UnitedHealth Group,1361430.0,514511.0,2048386.0,0,0,0,0,0,0,0,0,0,0,0,9,827455.0
6,Embibe,1452596.0,915998.0,2247916.0,1,1,1,0,1,0,1,0,0,0,0,8,1130767.0
7,Reliance Industries,982518.0,500000.0,2743551.0,0,0,0,0,0,0,0,0,0,0,1,3,769687.0
8,ABC,683081.0,197246.0,2041853.0,1,0,0,0,0,0,0,0,0,0,0,3,475452.0
9,Oracle,1531212.0,533108.0,4000000.0,1,0,0,0,0,0,0,0,0,0,0,10,834557.0
11,Nielsen,740158.0,631179.0,1413263.0,0,0,1,0,0,0,0,1,0,0,0,4,349548.0
12,Cyient,1046403.0,155256.0,1646131.0,1,1,1,0,0,0,0,0,1,1,0,6,1092534.0
13,Optum Global Solutions,1408050.0,368188.0,2150000.0,1,0,1,0,0,0,1,0,0,0,0,9,1155667.0
14,DXC Technology,973157.0,415326.0,2000000.0,0,0,0,0,0,0,0,0,0,2,0,4,502670.0
15,EXL Service,1151347.0,610485.0,1661303.0,0,0,0,0,0,0,0,0,0,0,1,5,674487.0
16,HP Inc.,1645967.0,746186.0,2967786.0,1,1,0,0,0,0,0,1,0,0,0,7,932119.0
17,Fresher,600000.0,254016.0,1000000.0,0,0,1,0,0,0,0,0,0,0,1,3,789722.0
18,Verizon,1281310.0,777450.0,2033829.0,1,0,1,1,1,1,1,0,0,0,1,6,1272115.0
20,Tata Consultancy Services (North America),763201.0,193913.0,2502101.0,0,0,0,0,0,0,0,0,0,0,0,4,378838.0
21,Thoucentric,868881.0,562093.0,1537408.0,1,1,1,0,0,0,0,0,0,0,1,3,687388.0
22,Bharti Airtel,2074121.0,1013700.0,2503677.0,1,0,1,0,0,0,0,0,1,0,1,9,1121366.0
23,Fuzzy Logix,1606145.0,576145.0,2328840.0,1,1,0,1,0,0,1,0,0,0,1,10,1252762.0
26,HiLabs,1980830.0,1821265.0,2814280.0,0,0,0,0,0,0,0,0,0,1,1,7,1191704.0
27,Atos-Syntel,904867.0,355025.0,3266964.0,0,1,0,0,0,0,0,0,0,0,0,4,462650.0
28,Myntra,2100379.0,583439.0,2400000.0,1,0,1,0,0,0,0,0,0,0,0,9,1143962.0
29,Walmart,2508786.0,1983692.0,3830994.0,1,0,0,0,0,0,0,0,0,0,1,7,1283103.0
30,Nagarro,1083115.0,426392.0,2185778.0,1,0,1,0,0,0,0,0,0,0,0,5,647149.0
31,AlgoAnalytics Financial Consultancy,770714.0,512808.0,1127515.0,1,0,0,0,1,1,0,0,0,0,1,4,702749.0
32,Bajaj Finance,1225112.0,196367.0,2443413.0,1,0,1,1,0,1,1,0,0,0,1,6,1133804.0
34,OYO,1300000.0,800000.0,2189339.0,1,0,1,0,0,0,0,0,1,1,0,10,1171634.0
35,Innominds Software,813024.0,539500.0,1219277.0,1,1,0,0,0,0,0,1,1,0,1,4,622208.0
36,Gramener,876841.0,812852.0,1436623.0,1,0,1,0,1,1,1,1,0,0,0,3,462310.0
37,Mercedes-Benz Research and Development India,1368504.0,714648.0,2123120.0,1,0,0,0,0,0,0,0,0,0,1,7,1246519.0
38,ABB,1110094.0,749305.0,1750316.0,1,0,1,0,0,0,0,0,0,2,0,6,997489.0
39,Housing.com,2119156.0,999578.0,2542988.0,1,1,1,0,0,0,0,0,1,1,1,8,1268688.0
40,Applied Data Finance,954982.0,514229.0,1600000.0,0,0,1,0,0,0,0,0,0,2,1,4,686108.0
41,NeenOpal,693349.0,368415.0,1219277.0,0,0,0,0,0,0,0,0,0,0,0,4,367000.0
42,Mastercard,2200255.0,200000.0,4096773.0,0,1,0,0,0,0,0,0,0,0,0,8,1151334.0
43,Fidelity Investments,2226029.0,1730517.0,3340698.0,1,0,1,0,0,1,0,1,1,0,0,10,1168486.0
45,[24]7.ai,1724231.0,1023374.0,2259250.0,1,0,1,0,0,0,0,0,1,0,1,7,1279678.0
46,Sigmoid,1349809.0,1117373.0,1828917.0,0,0,0,0,0,0,0,0,0,1,0,9,1075982.0
47,Affine,1051965.0,646587.0,2238274.0,0,0,0,0,0,0,0,0,0,0,0,5,348996.0
48,Brillio,1633628.0,999578.0,4292018.0,0,0,0,0,0,0,0,0,1,0,0,10,1138704.0
49,Blackstraw,1018490.0,360000.0,2332349.0,1,0,1,0,0,0,0,1,1,0,1,6,1275757.0
50,Innovaccer,1291000.0,658452.0,2743374.0,1,0,0,0,0,0,0,0,0,0,1,6,1210994.0
51,ThinkBumblebee Analytics,1114185.0,541558.0,1741129.0,1,0,0,0,0,0,0,0,1,0,1,6,1233298.0
52,DONE by NONE,631179.0,152632.0,2100000.0,1,0,1,0,0,0,0,0,0,0,1,3,694851.0
53,Citi,1687563.0,809132.0,2500000.0,0,0,1,0,0,0,0,0,1,0,0,10,809559.0
54,Lumiq (India),800000.0,631179.0,1668068.0,1,0,0,0,0,0,0,0,0,0,1,3,695052.0
55,NTT DATA,623893.0,318468.0,2143945.0,1,0,0,0,0,0,1,0,0,0,1,4,680967.0
56,Micron Technology,1578233.0,1000000.0,3114943.0,1,0,1,1,0,1,1,0,0,0,0,9,894510.0
57,Aaum Research and Analytics,486991.0,213552.0,1531389.0,0,0,0,0,0,0,0,0,0,0,1,2,156149.0
59,Antuit,1262461.0,641783.0,2000000.0,1,1,1,0,0,0,0,0,1,0,0,5,554946.0
60,Novartis,1436376.0,740042.0,3426438.0,1,1,1,0,0,0,0,1,1,0,0,9,900667.0
61,Cisco Systems,1584678.0,921037.0,2000000.0,0,0,1,0,0,0,0,0,0,0,0,10,918774.0
62,IQVIA,883421.0,480956.0,1433871.0,0,0,0,0,1,0,1,0,0,0,1,3,636061.0
63,Quadratic Insights,607969.0,371386.0,1616467.0,1,0,1,0,0,0,0,0,0,0,1,4,620228.0
64,Mindtree,1104063.0,200000.0,2500000.0,1,0,1,1,1,1,0,0,0,0,0,5,455080.0
65,Jotter,916228.0,700000.0,1071332.0,1,0,1,0,0,0,0,0,1,0,1,4,626513.0
66,Dell Technologies,1335067.0,726700.0,2356401.0,1,1,1,0,0,0,0,1,0,0,0,9,1066176.0
67,CitiusTech,865598.0,215529.0,1943624.0,0,0,0,0,0,0,0,0,0,0,0,3,582995.0
68,Siemens,1024465.0,530780.0,2274542.0,1,0,0,0,0,0,0,0,1,1,0,5,687262.0
70,Valiance Solutions,915335.0,532467.0,1554899.0,0,0,0,0,0,0,0,0,0,0,1,4,609895.0
71,SPi Global,797390.0,194613.0,890072.0,1,0,1,0,0,0,0,1,0,0,1,4,773520.0
72,Legato Health Technologies,1353101.0,508032.0,3500000.0,1,0,0,0,0,0,1,0,0,0,0,7,976562.0
73,NielsenIQ,1008482.0,615008.0,1561270.0,0,1,1,0,0,1,1,0,0,0,0,6,1124027.0
74,Intel Corporation,1557472.0,666385.0,2972368.0,1,1,0,1,0,1,1,1,0,0,1,7,1134354.0
75,VMock,1557472.0,1300838.0,2085085.0,0,1,0,0,0,0,0,0,0,0,0,9,1113130.0
76,eClerx,758181.0,589973.0,1262358.0,1,0,0,0,0,1,0,1,0,0,1,4,698754.0
77,Intellect Design Arena,1009886.0,357668.0,1800000.0,1,0,0,0,0,0,0,0,0,0,1,6,1140437.0
78,Enquero,974804.0,600000.0,1536388.0,1,0,1,0,0,0,0,0,0,0,1,3,642532.0
79,Virtusa,488388.0,192159.0,950000.0,0,0,0,0,0,0,0,0,0,1,0,1,147407.0
81,Tredence,1409964.0,946769.0,1918763.0,0,0,1,0,0,0,0,0,0,1,0,10,1127544.0
82,Sprinklr,1842074.0,399831.0,3435402.0,1,1,1,0,0,0,0,0,0,2,0,8,886791.0
83,Paytm,1845024.0,358755.0,4082858.0,0,0,0,0,0,0,0,0,0,1,1,7,1289054.0
84,Scienaptic Systems,1332517.0,156141.0,2189354.0,0,0,1,0,0,0,0,1,0,0,1,9,1214734.0
85,XYZ,1000000.0,450000.0,2776606.0,1,1,1,0,1,0,1,0,0,0,1,6,1111454.0
86,Zensar Technologies,1229032.0,530752.0,1665963.0,1,0,1,0,0,0,0,1,0,0,1,6,1207705.0
87,Bharat Light & Power,841572.0,578581.0,2562534.0,0,0,1,0,0,0,0,1,0,0,0,4,490997.0
88,Algoscale,666385.0,509245.0,860322.0,0,0,1,0,0,0,0,0,0,1,0,3,654608.0
89,Happiest Minds Technologies,1090230.0,717509.0,1366090.0,0,0,0,0,0,0,0,0,0,0,1,6,1288636.0
90,Subex,1016064.0,304760.0,2221285.0,1,0,1,0,0,0,0,0,0,0,0,5,424534.0
91,Octro,862116.0,587267.0,1592340.0,0,0,0,0,0,0,0,0,0,3,0,4,532888.0
92,Publicis Sapient,1732984.0,834034.0,1890939.0,0,0,0,0,0,0,0,0,0,1,0,8,1120128.0
93,Data Sutram,574992.0,335212.0,840000.0,0,0,0,0,0,0,0,0,0,0,0,4,449384.0
94,Algo8.ai,752353.0,195436.0,1700000.0,1,0,1,0,0,0,0,0,1,0,0,3,694469.0
95,J.P. Morgan,2023771.0,685377.0,3000000.0,1,0,0,0,0,0,0,0,1,0,1,8,1296225.0
96,iNeuron,617007.0,186897.0,1291000.0,0,0,1,0,0,0,0,0,0,1,0,4,535367.0
97,Hewlett Packard Enterprise | HPE,2225208.0,994784.0,3227501.0,1,0,0,0,0,0,0,0,0,0,1,8,1161343.0
98,Noodle.ai,1727854.0,1363658.0,3062567.0,1,0,0,1,1,1,1,0,0,0,1,9,1239988.0
99,Quantiphi,985263.0,728593.0,1664420.0,1,0,1,0,0,0,0,0,0,0,1,4,662696.0
100,HDFC Standard Life Insurance,1236059.0,700126.0,2827709.0,1,0,1,0,0,0,1,0,0,0,1,6,1181126.0
101,Michelin,1188978.0,629415.0,1601637.0,1,0,0,0,0,0,0,0,0,0,0,6,1045900.0
102,R Systems,1850016.0,856349.0,3227501.0,1,0,1,0,0,0,0,0,1,2,0,10,901721.0
103,Xalt Analytics,537369.0,269525.0,918834.0,1,1,1,0,0,0,0,0,0,0,1,3,696427.0
104,Mphasis,856165.0,487711.0,1424613.0,0,0,1,0,0,0,0,0,1,1,1,3,777814.0
105,ITC Infotech,493587.0,424624.0,1061664.0,0,0,1,0,0,0,0,0,0,1,0,2,249532.0
106,Decision Point,1073877.0,646587.0,1516361.0,0,0,0,0,0,0,0,0,0,0,1,6,1215500.0
107,Vodafone,975655.0,511687.0,2641768.0,0,1,0,0,0,0,0,0,0,0,1,4,721026.0
108,LinkedIn,2004634.0,300000.0,2694111.0,1,0,1,0,0,0,0,0,0,2,0,7,947730.0
109,TuringMinds.Ai,500000.0,180000.0,508032.0,1,0,1,0,0,0,1,0,0,0,1,3,700105.0
110,Claim Genius,1409550.0,665120.0,2648074.0,1,0,0,0,0,0,0,0,0,0,0,9,1063668.0
111,LatentView Analytics,780397.0,245175.0,1968964.0,0,0,0,0,0,0,1,0,0,0,1,4,738270.0
112,Robert Bosch India,1079474.0,477702.0,1400000.0,1,0,1,0,0,0,0,1,0,2,0,6,1019499.0
114,American Express,1756642.0,1279175.0,2240678.0,1,0,0,0,0,0,0,0,0,0,1,8,1152350.0
115,ICICI Bank,1027344.0,221846.0,1664420.0,0,1,1,0,0,0,0,1,0,2,0,5,617017.0
116,SG Analytics,847552.0,682362.0,1018490.0,1,0,1,0,0,0,0,0,1,0,0,4,372560.0
117,KPIT Technologies,1000000.0,480000.0,2235342.0,0,1,1,0,0,0,0,0,0,2,1,6,1165537.0
119,Innodatatics,860322.0,243855.0,1249016.0,1,0,1,0,0,0,0,0,1,0,0,4,636162.0
120,Sutherland,854206.0,358181.0,1486184.0,1,1,1,0,0,0,0,0,0,2,1,4,725983.0
121,EMPLOYERS,612556.0,204839.0,3737932.0,1,0,1,0,0,0,0,1,0,2,1,3,697311.0
122,Incedo,1535062.0,570206.0,2000000.0,0,0,1,0,0,0,0,0,0,1,0,10,1090740.0
125,Caterpillar,1266930.0,533108.0,4000000.0,1,0,1,0,0,0,0,1,1,0,0,6,865368.0
126,TheMathCompany,615008.0,469144.0,1100000.0,1,1,1,0,0,0,0,1,1,0,0,4,449455.0
127,Idexcel,537917.0,441825.0,1453640.0,1,1,0,1,0,0,1,0,0,0,0,4,343974.0
128,Eaton,1219277.0,1050190.0,1552560.0,1,0,1,0,0,0,0,0,1,0,0,5,384049.0
130,MakeMyTrip,1332771.0,631179.0,3292262.0,0,0,0,0,0,0,0,0,0,0,1,10,1217787.0
131,Karvy Group,665583.0,465768.0,1470032.0,1,1,1,0,0,0,1,1,0,6,0,4,569144.0
133,MAERSK,2289863.0,1531283.0,2676090.0,0,0,1,0,0,0,0,1,0,0,0,10,1029362.0
135,KPMG,849248.0,511687.0,2500000.0,0,0,0,0,0,0,0,0,0,2,0,3,416411.0
136,Zee Entertainment Enterprises Ltd.,1828916.0,1051964.0,3648898.0,0,0,1,0,0,0,0,0,0,2,1,8,1218261.0
137,Schlumberger,2123120.0,1051965.0,3309144.0,1,0,1,0,0,0,0,0,0,0,1,8,1191642.0
138,CARS24.com,1132855.0,904867.0,1573861.0,0,1,0,0,0,0,0,0,0,2,0,5,313982.0
139,GlobusSoft,349724.0,258200.0,583824.0,0,0,1,0,0,0,0,0,0,1,0,2,208762.0
140,Vodafone Idea,1968026.0,555321.0,2562534.0,1,0,0,0,0,0,0,0,0,0,1,10,1113961.0
141,Google,900561.0,203698.0,2166230.0,1,1,0,1,0,1,1,1,0,0,1,3,698031.0
142,Tata Consultancy Services,175948.0,167325.0,159625.0,0,0,1,0,0,0,0,0,1,2,0,0,201231.0
143,Microsoft,166676.0,189981.0,169334.0,1,0,1,0,0,0,0,0,0,1,0,0,198281.0
144,Accenture,150197.0,181731.0,156381.0,1,1,1,0,0,0,0,0,0,0,0,0,158861.0
145,The Sparks Foundation,198877.0,162600.0,187210.0,1,0,1,0,0,0,0,0,0,2,1,0,107389.0
146,IBM,164280.0,166155.0,194197.0,1,0,0,0,0,0,0,0,1,4,0,0,183541.0
147,Maxgen Technologies,187900.0,168284.0,199629.0,1,1,1,0,0,1,0,1,0,0,0,0,125974.0
148,Webtunix,154786.0,186574.0,162659.0,1,1,0,0,0,1,1,0,0,0,0,0,270383.0
149,First Student,152968.0,169562.0,161501.0,0,0,0,0,0,0,0,0,0,0,0,0,187894.0
150,Blackcoffer,177767.0,164736.0,190039.0,1,0,1,0,0,0,0,0,1,0,0,0,138285.0
151,FlyNava Technologies,172579.0,169504.0,191859.0,1,1,1,0,0,0,0,1,0,0,0,0,136070.0
152,Alphabet (GB),408328.0,489585.0,531234.0,0,0,0,0,0,0,0,0,0,0,0,1,110040.0
153,Poornima University,397498.0,478220.0,515525.0,0,0,1,0,0,0,0,0,0,0,0,1,175203.0
154,Shiva,416349.0,500793.0,540080.0,0,0,0,0,0,0,0,0,0,2,1,1,223851.0
155,DJ Alexander,397464.0,478580.0,515080.0,1,0,0,0,0,0,0,0,0,0,0,1,282471.0
156,Aon,449043.0,539404.0,583204.0,1,0,1,0,0,0,0,0,1,1,0,0,136383.0
157,HH Fremer Architects,396180.0,475325.0,515125.0,0,0,0,0,0,0,0,0,0,0,1,2,298925.0
158,ABC do ABC,424040.0,506751.0,553350.0,1,0,1,0,0,0,0,0,1,0,1,0,284952.0
159,Equifax,862288.0,1034427.0,1121293.0,0,0,0,0,0,0,0,0,0,0,0,3,545948.0
160,Fresher Zones,846433.0,1011720.0,1104362.0,1,0,1,0,0,1,1,1,0,0,0,3,535196.0
161,Priyank,800548.0,952780.0,1048590.0,0,0,1,0,0,0,0,0,1,4,1,3,761309.0
162,Cepheid,799626.0,955167.0,1043899.0,1,1,1,0,0,0,0,1,0,2,0,4,302753.0
163,T-Mobile,847273.0,1011072.0,1107111.0,0,0,0,0,0,0,0,0,0,1,1,4,620768.0
164,BI-LO,812994.0,972201.0,1060284.0,0,0,0,0,0,0,0,0,0,0,1,4,604981.0
165,Techstar Consulting,858186.0,1022652.0,1122813.0,1,0,1,0,0,0,0,0,1,1,0,3,434177.0
166,Pasarpolis,805190.0,962441.0,1050535.0,0,0,0,0,0,0,0,0,0,0,0,4,413065.0
167,Suraj School,505567.0,602852.0,661065.0,0,0,1,0,0,0,0,0,0,0,0,4,378391.0
168,Advisory Board,481649.0,574206.0,629916.0,1,1,0,0,0,0,0,0,1,0,1,0,243865.0
169,ValueMomentum,500396.0,602969.0,648021.0,0,0,0,0,0,0,0,0,0,0,1,4,790640.0
170,Kumaraguru College of Technology,499532.0,596430.0,652399.0,0,0,0,0,0,0,0,0,0,0,1,2,259614.0
171,NextGen Healthcare,647737.0,774753.0,844589.0,1,1,1,1,1,1,1,1,0,0,1,4,738352.0
172,TVS Emerald,1111609.0,1342406.0,1436617.0,0,0,1,0,0,0,0,0,0,1,1,5,710953.0
173,IBM Interactive Experience,669799.0,805451.0,869046.0,1,0,0,0,0,0,0,0,0,6,0,4,358293.0
174,Tata Capital,956752.0,1137530.0,1254351.0,1,0,1,1,0,0,1,0,0,0,0,3,451048.0
175,Atkins,1304071.0,1579132.0,1681046.0,1,0,0,0,0,0,0,0,0,1,1,8,1178945.0
176,DataFactZ,280830.0,336063.0,366011.0,1,0,1,0,0,0,0,0,0,0,1,0,131941.0
177,Nayara Energy,878007.0,1052194.0,1142823.0,1,1,1,0,1,1,1,0,0,6,0,4,425010.0
178,Amnet Group,687580.0,822892.0,896057.0,1,1,0,1,1,1,1,0,0,0,0,3,520109.0
179,CDS (Club Demonstration Services),1769055.0,2113166.0,2309472.0,0,0,1,0,0,0,0,0,0,2,0,9,1134995.0
180,Vickerstock,195900.0,168940.0,176574.0,0,0,0,0,0,0,0,0,0,0,1,0,263266.0
181,Mindtree Consultants,751530.0,896464.0,982361.0,0,0,0,0,0,0,0,0,0,0,0,4,539659.0
182,myGate,1112600.0,1327728.0,1453772.0,0,0,0,0,0,0,0,0,0,0,1,6,1116465.0
183,Glorious Insight,1111470.0,1335799.0,1442876.0,1,0,1,0,0,1,1,0,0,6,0,6,858122.0
184,Chirag,295574.0,352328.0,386607.0,0,0,0,0,0,0,0,0,0,0,1,0,231027.0
185,Maveric Systems,641130.0,768864.0,833960.0,1,1,1,0,0,0,0,0,0,2,1,4,756431.0
186,Indecomm Global Services,1240412.0,1488132.0,1612897.0,0,0,1,0,0,0,0,0,1,1,0,6,1081047.0
187,Translational Health Science and Technology Institute,780163.0,927793.0,1022615.0,0,1,0,0,0,0,0,0,0,0,0,4,308616.0
188,Aggregate Intelligence,253128.0,303783.0,329037.0,0,0,0,0,0,0,0,0,0,0,1,0,265663.0
189,Ameriprise,603190.0,722430.0,785545.0,0,0,0,0,0,0,0,0,0,6,0,4,570205.0
190,DuPont,1350912.0,1619521.0,1757758.0,0,0,1,0,0,0,0,0,1,4,0,9,1101491.0
191,Vinod,326188.0,392689.0,422782.0,1,0,1,0,0,0,0,0,0,2,0,0,163422.0
192,Hexagon,767480.0,925032.0,993668.0,0,0,0,0,0,0,0,0,0,0,0,3,676724.0
193,Softtronix IT Solution,155117.0,186289.0,201504.0,0,0,1,0,0,0,0,0,0,2,1,0,212522.0
194,Netcracker Technology,1495754.0,1795997.0,1943388.0,1,1,1,0,0,0,0,0,0,0,1,7,1100411.0
195,Moody's Investors Service,1024598.0,1239422.0,1322072.0,0,0,0,0,0,0,0,0,0,0,0,6,984978.0
196,OSG Analytics,757506.0,916557.0,977207.0,0,0,0,0,0,0,0,0,0,0,0,3,599192.0
197,Xoanon Analytics,1031710.0,1240523.0,1338751.0,1,1,1,0,0,0,0,1,1,0,0,6,1018402.0
198,JAGUAR LAND ROVER LIMITED,1622818.0,1962508.0,2094536.0,1,0,0,0,0,0,0,0,1,4,0,9,1148322.0
199,Senquire Analytics,899604.0,1077323.0,1171688.0,1,0,1,0,0,0,0,0,0,2,1,4,775168.0
200,Inceptua,258379.0,309602.0,336346.0,0,0,1,0,0,0,0,0,0,0,1,0,122443.0
201,ABC Ltd,1228322.0,1476122.0,1594682.0,1,0,1,0,0,0,0,1,1,1,1,6,1237229.0
202,smartData Enterprises,319219.0,380772.0,417276.0,1,0,0,0,0,0,0,1,0,0,1,0,194530.0
203,Marico Limited,721030.0,860760.0,941814.0,0,0,1,0,0,0,0,0,0,1,1,4,617741.0
204,MariApps,557581.0,670593.0,723359.0,1,0,1,0,0,0,0,1,0,0,0,4,585255.0
205,Ticketmaster,1508243.0,1805475.0,1965132.0,1,1,0,0,0,1,1,0,0,0,0,9,1065986.0
206,AppZen,900925.0,1075471.0,1176842.0,0,0,0,0,0,0,0,0,0,1,1,3,733070.0
207,Rubique,1211551.0,1446581.0,1582297.0,0,0,0,0,0,0,0,0,0,0,0,5,590535.0
208,Uttar Pradesh Power,653661.0,783901.0,850252.0,1,0,1,0,0,0,0,0,1,1,0,4,310661.0
209,Elevate,557241.0,667004.0,726099.0,1,1,1,0,0,0,0,1,0,0,1,4,723243.0
210,3Qi Labs,890041.0,1071153.0,1153950.0,1,0,1,0,0,0,0,0,1,0,0,4,322824.0
211,Prescinto,901920.0,1081615.0,1173186.0,0,0,0,0,0,0,0,0,0,1,0,4,633274.0
212,Crediwatch,154178.0,196196.0,178029.0,0,1,0,0,0,0,0,0,0,0,1,0,201418.0
213,Proven Consult,647127.0,777338.0,840479.0,0,0,0,0,0,0,0,0,0,2,0,4,495717.0
214,Codemasters,185465.0,163584.0,183769.0,1,1,0,0,0,0,0,0,0,0,0,0,166492.0
215,Anunta Technology Management Services,153948.0,195235.0,171491.0,1,0,1,0,0,0,0,0,1,0,0,0,295904.0
216,Integral Ad Science,154523.0,196202.0,155684.0,1,0,1,0,0,0,0,0,1,1,0,0,104257.0
217,Sahyadri College of Engineering & Management,199592.0,239103.0,259878.0,1,0,0,0,0,0,0,0,0,0,0,0,193610.0
218,Hartron,180937.0,182047.0,176269.0,1,1,1,0,0,0,0,1,0,2,0,0,117710.0
219,SRM Institute of Science and Technology,152079.0,170777.0,193860.0,1,1,1,0,0,0,0,1,0,2,0,0,190387.0
220,Pspl,168814.0,181444.0,156251.0,1,0,1,0,0,0,0,0,1,1,1,0,163209.0
221,Convosight,176795.0,172859.0,162109.0,1,0,1,0,0,0,0,0,0,0,0,0,292136.0
222,Cybage Software,161795.0,186732.0,159215.0,1,0,1,0,0,0,0,0,0,1,0,0,272255.0
223,Xybion Corp,158875.0,197294.0,181290.0,0,0,0,0,0,0,0,0,0,0,0,0,264693.0
224,College Nannies+Sitters+Tutors,192042.0,167921.0,171207.0,1,0,1,0,0,0,0,0,0,0,0,0,127174.0
225,CredAvenue,197794.0,168860.0,166256.0,1,0,1,0,0,0,0,0,1,0,1,0,252542.0
226,Valeo,192328.0,157987.0,150447.0,0,0,1,0,0,0,0,0,0,0,1,0,292724.0
227,Hippodrome Casino,177548.0,187583.0,167090.0,0,1,1,0,0,0,0,0,0,1,1,0,298358.0
228,Allsec,174540.0,194343.0,175137.0,0,0,0,0,0,0,0,0,0,0,0,0,187167.0
229,ASM Technologies,175066.0,185598.0,165435.0,0,0,0,0,0,0,0,0,0,0,1,0,134972.0
230,Megha Engineering and Infrastructure,179395.0,174883.0,179277.0,0,0,1,0,0,0,0,0,1,1,0,0,111622.0
231,Global Experience Specialists,174739.0,175856.0,199398.0,1,1,1,0,0,0,0,1,1,2,1,0,192353.0
232,Grmtech,174618.0,172618.0,167497.0,1,0,1,0,0,0,0,0,0,0,1,0,243134.0
233,Eli Lilly and Company,155259.0,159599.0,171602.0,1,0,1,0,0,1,1,1,0,0,0,0,188748.0
234,Nowhereman,343312.0,413004.0,445275.0,1,1,1,0,0,1,0,1,1,0,1,2,268505.0
235,PQE Group,194743.0,169035.0,169788.0,0,0,0,0,0,0,0,0,0,0,1,0,145898.0
236,OnPassive,193371.0,152756.0,188172.0,0,0,1,0,0,0,0,0,1,4,1,0,279485.0
237,Xenon Automotive,185343.0,168850.0,197374.0,0,1,0,0,0,0,0,0,0,0,0,0,221798.0
238,DoWell Research,158715.0,196801.0,187544.0,1,1,0,1,0,0,1,0,0,0,0,0,282292.0
239,AlphaSights,192830.0,155179.0,150749.0,1,1,0,0,0,1,0,1,0,0,1,0,225444.0
240,Prakat Solutions,576302.0,690084.0,750672.0,1,1,1,0,0,0,0,1,0,2,0,4,631211.0
241,Silicon Tech Lab,257164.0,307478.0,335431.0,1,0,1,0,1,1,1,0,0,0,0,0,147783.0
242,Tattle,172791.0,172699.0,167141.0,0,0,0,0,0,0,0,0,0,0,0,0,135350.0
243,James,157774.0,178991.0,192839.0,0,0,0,0,0,0,0,0,0,1,1,0,116541.0
244,AVL,161696.0,192989.0,173563.0,0,0,0,0,0,0,0,0,0,0,0,0,287706.0
245,Practically,185209.0,166806.0,195401.0,1,0,1,0,0,0,0,0,1,1,1,0,219977.0
246,Soroco,215655.0,259619.0,279518.0,0,0,1,0,0,0,0,0,0,1,0,0,109695.0
247,Quinbay,254228.0,305699.0,329870.0,1,0,1,0,0,0,0,0,1,0,0,0,176924.0
248,SMEcorner,175759.0,198977.0,165486.0,1,0,0,1,1,0,1,0,0,0,1,0,152845.0
249,Maruti Suzuki,184658.0,181396.0,154071.0,1,1,0,0,0,0,0,0,1,0,1,0,111483.0
250,Mercedes-Benz International,158345.0,164023.0,155855.0,1,1,1,0,0,0,0,0,1,2,0,0,152289.0
251,udaan.com,197700.0,163242.0,178334.0,0,0,1,0,0,0,0,0,0,0,1,0,110985.0
252,CSIR,164594.0,185296.0,193764.0,0,0,1,0,0,0,0,1,0,2,1,0,182731.0
253,AnalytixLabs,150227.0,167768.0,153258.0,0,0,0,0,0,0,0,0,0,0,0,0,181284.0
254,Zummit Infolabs,199556.0,186832.0,157747.0,0,0,0,0,0,0,0,0,0,0,1,0,235104.0
255,Coditation Systems,151489.0,195624.0,180500.0,1,1,1,1,1,1,1,1,0,0,0,0,204392.0
256,Nothing,169553.0,167800.0,170106.0,1,0,1,1,0,1,0,0,1,0,0,0,242352.0
257,Raju Tech,494083.0,590826.0,644381.0,1,0,0,0,0,0,0,0,0,6,0,0,109599.0
258,Nilkamal,510756.0,615446.0,661445.0,1,0,0,0,0,0,0,0,0,0,0,4,694941.0
259,JLL,1298859.0,1558547.0,1688600.0,1,1,1,1,0,1,1,0,1,0,1,5,769581.0
260,Standard Chartered Bank,1449421.0,1542913.0,2080640.0,1,0,1,0,0,0,0,0,0,0,1,9,1150097.0
261,Sanofi,927666.0,838816.0,1480350.0,1,0,1,0,0,0,0,0,1,0,0,4,450004.0
262,mfine,1703433.0,2015060.0,2243522.0,1,0,0,0,0,0,0,0,0,0,1,9,1193579.0
263,Cerulean Information Technology,851119.0,1018134.0,1109663.0,1,1,1,0,0,0,0,0,0,0,0,4,325063.0
264,American Express Global Business Travel,1383802.0,1340084.0,2119422.0,0,1,1,0,0,0,0,0,1,0,1,10,1271897.0
265,Sociolla,653500.0,781956.0,851793.0,1,0,1,1,0,0,1,0,0,0,1,3,687012.0
266,TCS e-Serve International,910228.0,1031558.0,1244013.0,1,0,0,0,0,0,0,0,0,1,1,3,671622.0
267,Sonata Software,527400.0,409217.0,909282.0,1,0,1,0,0,0,0,0,0,1,0,3,365260.0
268,Shiprocket,809659.0,752455.0,1271692.0,0,0,1,0,0,0,0,1,1,2,0,4,492948.0
269,Sezzle,590352.0,573192.0,902688.0,1,0,1,0,0,0,0,0,0,0,1,4,714544.0
270,Ugam,1421348.0,1255495.0,2297874.0,1,1,1,0,0,0,0,1,1,2,1,10,1204864.0
271,Tata Research Development and Design Centre,891651.0,858562.0,1370566.0,0,0,0,0,0,0,0,0,0,0,0,3,689707.0
272,Radhakrishna Foodland,253152.0,301772.0,331107.0,1,0,1,0,0,0,0,0,0,0,0,0,215274.0
273,GAVS Technologies,846937.0,1015301.0,1102041.0,0,0,0,0,0,0,0,0,0,0,1,3,701356.0
274,Bahwan CyberTek,1030606.0,773608.0,1802906.0,1,0,1,0,0,0,0,0,1,1,0,6,977753.0
275,Confidential,1501862.0,1438210.0,2316444.0,1,1,1,0,1,1,1,0,0,6,1,10,1148974.0
276,Cipla,732066.0,691862.0,1138302.0,0,0,1,0,0,0,0,0,1,1,0,3,560153.0
277,Decimal Technologies,864883.0,596811.0,1565397.0,0,0,1,0,0,0,0,1,0,2,1,3,781421.0
278,Lenovo,1593071.0,1490830.0,2491848.0,0,0,0,0,0,0,0,0,0,0,1,7,1230423.0
279,TATA ELXSI,665349.0,635532.0,1027840.0,1,0,1,0,0,0,0,0,0,2,0,4,492595.0
280,Bounce,1587442.0,1834991.0,2133613.0,1,0,1,0,0,0,0,0,1,0,0,8,939839.0
281,Broadridge,1348008.0,1130310.0,2239710.0,1,0,0,0,0,0,0,1,0,2,0,7,843313.0
282,IntellectFaces,180343.0,158996.0,160467.0,1,0,0,0,1,1,0,0,0,0,0,0,290600.0
283,XYZ (Turkey),1123950.0,643888.0,2165986.0,0,0,0,0,0,0,0,0,1,0,0,6,841381.0
284,WhiteHat Jr,194138.0,157158.0,176569.0,0,0,0,0,0,0,0,0,0,0,1,0,212881.0
285,Dun & Bradstreet,197126.0,190349.0,194962.0,0,0,0,0,0,0,0,0,0,1,0,0,257929.0
286,(no)name,758163.0,617726.0,1277681.0,1,0,0,0,0,0,0,0,0,0,1,3,742992.0
287,Western Digital,1072787.0,1025679.0,1656288.0,1,1,0,1,1,1,1,0,0,0,0,6,968408.0
288,Rahul Industries,471556.0,490269.0,688622.0,1,0,1,0,0,0,0,0,0,0,1,2,126895.0
289,ZS Associates,185680.0,198555.0,182933.0,0,0,0,0,0,0,0,0,0,0,0,0,185962.0
290,Maybank,1147775.0,1268762.0,1600675.0,0,0,0,0,0,0,0,0,0,1,1,5,677500.0
291,Walmart Global Tech,177795.0,188458.0,196108.0,0,0,0,0,0,0,0,0,0,0,1,0,180346.0
292,Honeywell,184860.0,165681.0,170380.0,1,0,0,0,0,0,0,1,0,2,0,0,216894.0
293,Don't Know,174856.0,165889.0,195238.0,0,1,0,0,0,0,0,0,0,2,0,0,257973.0
294,Social Prachar,165051.0,153326.0,157694.0,1,0,1,0,0,0,0,0,1,2,1,0,143684.0
295,Yes Bank,166220.0,193898.0,191858.0,1,0,1,0,0,0,0,1,0,1,0,0,261179.0
296,CareerGuide.com,180187.0,184802.0,169335.0,1,1,1,0,0,0,0,0,0,2,1,0,214017.0
297,1mg,172685.0,164789.0,174087.0,0,0,0,0,0,0,0,0,0,1,0,0,115036.0
298,Dr. Reddy's,160166.0,191808.0,190280.0,1,1,1,0,0,0,0,1,0,2,0,0,119671.0
299,Vidooly Media Tech,168064.0,165259.0,164473.0,1,0,0,0,0,0,0,0,0,0,1,0,267120.0
300,CommerceIQ,162352.0,153440.0,164360.0,0,1,1,0,0,0,0,1,0,2,1,0,141939.0
301,DBS Bank,197515.0,156566.0,158753.0,0,0,0,0,0,0,0,0,0,6,1,0,108163.0
302,PwC,401260.0,483985.0,519165.0,0,0,0,0,0,0,0,0,0,0,0,1,259271.0
303,MetLife,950799.0,291912.0,2085085.0,0,0,0,0,0,0,0,0,0,0,0,4,500725.0
305,Loylty Rewardz Mngt,1278815.0,1038314.0,2158723.0,0,0,0,0,0,0,0,0,0,0,1,6,1108490.0
306,CASHe,844277.0,624508.0,1486184.0,0,0,0,0,0,0,0,0,0,0,1,3,758621.0
307,Unified Healthcare Group,1441042.0,871425.0,2731179.0,0,0,0,0,0,0,0,0,0,1,1,8,1140223.0
308,Rolls-Royce,914163.0,841572.0,1443835.0,1,0,1,0,0,0,0,0,0,0,0,3,535889.0
309,ATCS,819484.0,548710.0,1500000.0,0,0,0,0,0,0,0,0,0,0,1,4,716376.0
310,Apar Technologies,931124.0,512507.0,1815302.0,0,0,0,0,0,0,0,0,0,0,0,4,340310.0
311,Kyndryl,1791495.0,922512.0,3556226.0,0,0,1,0,0,0,0,0,1,4,1,9,1250451.0
312,GEP,946286.0,865716.0,1500000.0,0,0,0,0,0,0,0,0,0,0,0,3,372191.0
313,Franklin Templeton Investments,1249174.0,1271494.0,1851441.0,0,0,0,0,0,0,0,0,0,0,0,6,1077590.0
314,Square Panda,670451.0,676550.0,999578.0,0,0,1,0,0,0,0,1,0,2,1,3,696193.0
315,Mbb Labs,1000310.0,1150967.0,1349809.0,0,0,0,0,0,0,0,0,0,0,0,6,964829.0
317,Shubh Loans,724908.0,521271.0,1291000.0,0,1,0,0,0,0,0,0,0,0,1,4,673056.0
318,Amdocs,948781.0,666385.0,1705567.0,1,1,1,0,0,0,0,1,1,0,0,3,430868.0
319,CRISIL,786764.0,385435.0,1581475.0,0,1,0,0,0,0,0,0,0,0,1,3,629739.0
320,Cognizant,868426.0,337784.0,1833282.0,0,1,0,0,0,0,0,0,0,1,1,4,606793.0
321,Intelligence Node,802122.0,650000.0,1355305.0,0,0,1,0,0,0,0,0,0,1,1,3,648771.0
322,HSBC Electronic Data Processing India,1289350.0,1023374.0,2200000.0,1,1,0,0,0,0,0,1,0,2,1,6,1230822.0
323,iOPEX Technologies,475818.0,420786.0,768760.0,1,0,1,0,0,0,0,0,0,1,1,0,235723.0
324,TCG Digital,763944.0,336000.0,1573861.0,1,0,1,0,0,0,0,0,0,3,0,4,502892.0
325,SLK Group,608018.0,269411.0,1250635.0,0,0,0,0,0,0,0,0,0,0,0,3,594478.0
326,Prudential plc,860257.0,968805.0,1181837.0,1,0,1,0,0,0,0,0,0,0,1,3,630870.0
327,Landmark Group,1310517.0,1606998.0,1669295.0,0,0,1,0,0,0,0,1,0,2,1,8,1168624.0
328,Limeroad,1026520.0,1167716.0,1398584.0,1,1,0,0,0,0,0,1,0,2,0,5,436466.0
329,Bewakoof Brands,604010.0,642799.0,867225.0,1,1,0,0,0,0,0,0,0,0,1,4,784559.0
330,L&T Financial Services,774819.0,865716.0,1071332.0,0,0,1,0,0,0,0,1,1,0,0,3,412496.0
331,MOURI Tech,677818.0,261822.0,1432724.0,1,0,1,0,0,0,1,0,0,2,1,4,760399.0
332,UBS,1024922.0,974804.0,1587500.0,0,0,1,0,0,0,0,1,1,0,1,5,674862.0
333,AXA,1052730.0,1096764.0,1535062.0,0,0,0,0,0,0,0,0,0,0,0,5,663845.0
334,Ramboll,471601.0,565106.0,613897.0,0,0,0,0,0,0,0,0,0,0,1,0,228765.0
335,SBI General Insurance,494386.0,592637.0,643329.0,0,0,0,0,0,0,0,0,0,0,1,0,152475.0
336,Hexal,514818.0,617057.0,669989.0,0,0,1,0,0,0,0,0,0,2,1,4,632148.0
337,GrowthSpree,529086.0,635665.0,687050.0,1,1,0,0,0,0,0,1,0,2,1,4,635580.0
338,IDK,499167.0,603144.0,644773.0,1,0,0,0,1,1,1,0,0,0,1,2,119412.0
339,Flex,1048460.0,1258114.0,1363037.0,0,0,1,0,1,0,1,0,0,0,0,5,537000.0
340,PepsiCo,1309860.0,1561559.0,1713090.0,0,0,0,0,0,0,0,0,1,0,1,10,1145261.0
341,Disney | Star,1720148.0,2054151.0,2246219.0,1,0,1,0,0,1,0,1,1,0,0,9,1174012.0
342,StoneX,1366068.0,1637280.0,1777891.0,1,0,1,0,0,0,0,0,1,2,0,7,1033367.0
343,Dunn Lumber,793884.0,950978.0,1033732.0,0,0,1,0,0,0,0,0,1,1,1,4,778763.0
344,Prodotti Poliplastici,419768.0,505143.0,544276.0,0,0,0,0,0,0,0,0,0,5,0,0,183778.0
345,Namaste Credit,637002.0,767592.0,824912.0,0,0,0,0,0,0,0,0,0,0,0,4,650140.0
346,3M,732269.0,882287.0,948386.0,0,0,1,0,0,0,0,0,1,1,1,4,691075.0
347,Grant Thornton,797964.0,961440.0,1033470.0,1,1,0,0,0,0,0,0,0,2,0,4,672003.0
348,Q Management,157395.0,177086.0,181338.0,0,0,0,0,1,0,1,0,0,0,0,0,117023.0
349,Hyperthink Systems,840150.0,1009288.0,1091088.0,0,0,0,0,0,0,0,0,0,0,0,3,588356.0
350,Tower Research Capital LLC,998447.0,1205309.0,1290808.0,0,0,0,0,0,0,0,0,1,1,0,4,584253.0
351,Lobo Staffing Solutions,695320.0,836403.0,901896.0,1,0,0,0,0,0,0,0,0,0,0,3,452233.0
352,Razer,995916.0,1200633.0,1289158.0,1,1,1,0,0,0,0,0,0,0,0,3,457263.0
353,Open Systems Technologies,727216.0,875214.0,942826.0,0,0,0,0,0,0,0,0,0,0,0,4,673192.0
354,Unifytech,260009.0,312822.0,337200.0,0,0,0,0,0,0,0,0,0,1,1,0,286007.0
355,Samsung C&T,547608.0,652642.0,716379.0,0,0,0,0,0,0,0,0,0,0,1,3,783558.0
356,Lovely Professional University,1457070.0,1745449.0,1897227.0,1,1,1,0,0,0,0,0,1,0,0,10,1134339.0
357,Moglix,1075512.0,1295036.0,1393744.0,0,0,1,0,0,0,0,0,1,1,1,5,645636.0
358,Emorphis,712520.0,852156.0,929145.0,1,1,0,0,0,0,0,0,0,2,1,3,694763.0
359,Karan,152111.0,156337.0,168436.0,0,0,1,0,0,0,0,0,0,2,1,0,233367.0
360,Invendis Technologies India,1251170.0,1498133.0,1629791.0,1,0,0,0,0,0,0,0,0,0,0,6,917568.0
361,Toyota North America,756305.0,910223.0,980540.0,0,0,0,0,0,0,0,0,0,0,0,3,363628.0
362,University of Pune,824817.0,989293.0,1072749.0,1,0,0,0,0,0,0,0,0,0,0,3,405371.0
363,BlueStacks,1386143.0,1656488.0,1808870.0,1,0,1,1,0,1,1,0,0,0,0,9,872812.0
364,Staunch It Solutions (India),1226441.0,1472110.0,1593993.0,1,0,1,0,0,0,0,0,0,0,1,6,1162059.0
365,Cholamandalam Investment & Finance,929761.0,1110678.0,1213724.0,1,0,0,0,0,0,0,0,0,2,0,3,559009.0
366,Tommy Bahama,564428.0,674051.0,737018.0,1,1,0,1,1,1,1,0,0,0,1,4,694606.0
367,The Judge Group,245009.0,294768.0,317754.0,0,0,1,0,0,0,0,0,0,0,0,0,245233.0
368,Sportz Village Schools,193266.0,171646.0,160039.0,1,0,1,0,0,1,0,0,0,6,0,0,250019.0
369,National Pork Board,177475.0,197012.0,179817.0,1,0,1,0,0,0,0,0,0,0,0,0,196707.0
370,CIPL,190299.0,180959.0,199003.0,1,0,1,0,0,0,0,0,0,0,1,0,222527.0
371,Neo Media World,151025.0,156589.0,189697.0,0,0,0,0,0,0,0,0,0,0,0,0,244610.0
372,Intellectyx,165772.0,194642.0,174485.0,1,1,1,1,1,0,1,0,0,0,1,0,134018.0
373,Adda 247,163505.0,159009.0,177252.0,1,0,1,0,0,0,0,1,0,0,1,0,260418.0
374,Vymo,154409.0,150339.0,196002.0,1,0,1,0,0,1,1,1,0,0,1,0,122600.0
375,NMIMS,156612.0,186067.0,185994.0,1,0,1,0,0,0,0,0,1,0,1,0,117235.0
376,Amadeus,188924.0,160350.0,180856.0,1,0,1,1,0,1,1,1,1,0,1,0,181078.0
377,Meals on Wheels America,152200.0,176667.0,199633.0,1,1,1,0,0,0,0,1,0,2,0,0,204375.0
378,General Dynamics Information Technology,179257.0,192787.0,185226.0,0,0,0,0,0,0,0,0,0,0,1,0,287939.0
379,Career Confidential,189176.0,181175.0,193522.0,0,0,0,0,0,0,0,0,0,0,1,0,288447.0
380,L Brands,1302548.0,1573135.0,1683235.0,0,0,0,0,0,0,0,0,0,0,1,8,1225480.0
381,Greenberg Traurig,931124.0,512507.0,1815302.0,0,0,0,0,0,0,0,0,0,1,0,4,575615.0
382,Indigo Books & Music,194041.0,181290.0,164313.0,0,1,0,0,0,0,0,0,0,2,1,0,207687.0
383,WiT-ACE,303132.0,367028.0,390803.0,0,1,1,0,0,0,0,0,0,2,1,0,207330.0
384,Rubix Data Sciences,624876.0,748155.0,814036.0,1,0,0,0,0,0,0,1,0,2,0,4,601413.0
385,Deutsche Bank,1280955.0,1529830.0,1672558.0,1,0,1,0,0,0,0,0,1,0,0,5,608169.0
386,Aragen Life Sciences,634356.0,530780.0,1055110.0,0,0,0,0,0,0,0,0,0,0,1,3,665694.0
388,Philips,1734534.0,1084929.0,3251406.0,0,0,1,0,0,0,0,0,1,1,1,9,1268032.0
389,Intas Biopharmaceuticals,450346.0,263748.0,862116.0,0,1,0,0,0,0,0,0,0,0,0,2,255139.0
390,IASRI,407334.0,488017.0,530318.0,0,1,1,0,0,0,0,0,0,1,1,1,249982.0
391,Arya Solution,456016.0,549098.0,590941.0,1,1,1,0,0,0,0,0,0,2,0,0,209205.0
392,National Income Life,408410.0,492689.0,528337.0,0,1,0,0,0,0,0,0,0,0,1,2,262033.0
393,Symbiosis Institute of Computer Studies and Research,407064.0,486400.0,531260.0,1,0,0,0,0,0,0,0,0,0,0,2,267507.0
394,Swami Vivekanand Group of Institutions,413208.0,494772.0,538248.0,0,0,1,0,0,0,0,0,1,1,0,0,107939.0
395,Accor,406590.0,484541.0,531935.0,0,0,1,0,0,0,0,0,0,1,1,0,230557.0
396,BridgeLabz Solutions,409157.0,488876.0,534016.0,0,0,1,0,0,0,0,0,1,4,0,2,264407.0
397,HSBC Software Development India,841454.0,1008929.0,1094706.0,1,0,1,0,0,0,0,1,1,0,0,3,586039.0
398,Ackerman McQueen,834987.0,1003301.0,1084166.0,1,0,0,0,0,0,0,0,0,0,0,3,451871.0
399,Integra Micro Software Services (P),847594.0,1017219.0,1101765.0,1,0,1,0,0,0,0,0,0,2,0,3,636544.0
400,Tealium,800404.0,964260.0,1036750.0,1,0,1,0,0,0,0,0,0,0,0,4,458384.0
401,Canam,816946.0,981290.0,1061074.0,1,1,1,0,0,0,0,0,0,2,0,3,428386.0
402,Edupluscampus,808288.0,971439.0,1049280.0,0,0,0,0,0,0,0,0,0,0,0,3,659132.0
403,Ramesh & Co.,815875.0,976783.0,1062905.0,0,1,0,0,0,0,0,1,0,2,0,4,512909.0
404,SAMEER (R&D of DIT Govt of India),822751.0,989975.0,1066902.0,0,1,0,0,0,0,0,0,0,2,0,3,455941.0
405,MARS WEB Solution,852611.0,1023658.0,1107869.0,1,0,1,0,0,0,0,0,1,0,1,4,718893.0
406,Krish Compusoft Services,849312.0,1010159.0,1113120.0,1,0,0,0,0,0,0,0,0,0,0,3,338258.0
407,Norizen Soft Solutions,487223.0,587341.0,630716.0,1,1,1,0,1,0,1,0,0,6,0,1,280515.0
408,AppliedAICourse,512242.0,618331.0,662275.0,1,0,1,0,0,0,0,0,1,0,1,3,615705.0
409,Congregation Brit Shalom,513452.0,614098.0,669532.0,0,0,0,0,0,0,0,0,0,0,1,3,641439.0
410,HDNET,477468.0,572268.0,621402.0,0,0,0,0,0,0,0,0,0,0,1,2,215239.0
411,Dhiraj & Dheeraj,494007.0,590691.0,644326.0,0,0,0,0,0,0,0,0,0,0,0,2,208952.0
412,TNB,888492.0,1073125.0,1148104.0,0,0,0,0,0,0,0,0,0,0,0,4,553887.0
413,Belatrix,329114.0,396237.0,426547.0,0,0,0,0,0,0,0,0,0,1,0,0,221750.0
414,Arkin Systems,620327.0,742111.0,808707.0,0,0,1,0,0,0,0,0,0,1,1,3,653483.0
415,PokerStars,173721.0,207436.0,226867.0,1,1,1,0,0,0,0,1,0,2,0,0,189179.0
416,Alpinia Technologies,649894.0,783028.0,841708.0,0,0,1,0,0,0,0,0,0,1,0,3,618064.0
417,Open Insights,930921.0,1112151.0,1215151.0,1,0,1,0,0,0,0,0,0,1,1,4,637661.0
418,Cátedra UAM,1354227.0,1617720.0,1767847.0,1,0,1,0,0,0,0,0,0,0,1,9,1181942.0
419,Flytxt,1253964.0,1507615.0,1627295.0,0,0,0,0,0,0,0,0,0,0,1,5,788314.0
420,CleverTap,1669432.0,2007521.0,2166058.0,0,0,0,0,0,0,0,0,0,0,0,9,967414.0
421,Techlearn,996994.0,1198618.0,1293868.0,0,0,0,0,0,0,0,0,0,0,0,3,684932.0
422,Sankar and Moorthy Chartered Accountants,975154.0,1160996.0,1276888.0,0,0,0,0,0,0,0,0,0,0,0,3,481073.0
423,Aman,328795.0,395060.0,426927.0,0,0,0,0,0,0,0,0,0,0,0,0,204521.0
424,Tarakarama Cineplex,341779.0,409791.0,444656.0,0,0,1,0,0,0,0,0,1,4,1,2,134279.0
425,Hotify,1108175.0,1328619.0,1441818.0,1,0,1,1,1,1,0,0,0,0,0,5,494269.0
426,Q3 Technologies,359905.0,432325.0,467437.0,1,0,1,0,0,0,0,0,1,0,1,0,234998.0
427,Betsol,729831.0,875719.0,948858.0,0,0,0,0,0,0,0,0,0,0,1,3,627835.0
428,ACS Solutions,685840.0,823422.0,891177.0,1,0,1,0,0,0,0,0,1,1,0,4,467308.0
429,Infinx Healthcare,927246.0,1110048.0,1208066.0,0,0,0,0,0,0,0,0,0,0,1,3,663370.0
430,Xome,1206100.0,1445358.0,1569891.0,0,0,0,0,0,0,0,0,0,0,0,5,544565.0
431,N B Navale Sinhgad College of Engineering,730757.0,882533.0,944360.0,0,1,0,0,0,0,0,0,0,0,1,4,632118.0
432,SAS Institute,1055725.0,1260396.0,1378917.0,1,1,1,0,0,0,0,1,0,2,1,5,670116.0
433,Teras Tech Solutions,786898.0,947426.0,1019820.0,0,0,0,0,0,0,0,0,0,0,0,3,535717.0
434,Mystro,251135.0,301056.0,326781.0,1,0,0,0,0,0,0,0,0,0,1,0,164990.0
435,Monty Telecom Development,565149.0,673924.0,738948.0,0,0,0,0,0,0,0,0,0,0,1,3,636930.0
436,Arcadis,1005988.0,1202737.0,1312234.0,0,0,1,0,0,0,0,0,1,1,1,5,625378.0
437,Sam Houston State,250743.0,301647.0,325211.0,1,1,1,0,0,0,0,1,1,0,0,0,113265.0
438,Aran Group,1036918.0,1245281.0,1347015.0,1,0,1,0,0,0,0,0,1,1,1,5,676077.0
439,Strokx Technologies,199872.0,238375.0,261304.0,1,1,1,0,0,0,0,0,0,2,0,0,200702.0
440,Visible Alpha,1303766.0,1554463.0,1704952.0,0,1,0,0,0,0,0,0,0,1,1,8,1261318.0
441,Enterprise Bot,1083262.0,1288095.0,1420061.0,0,1,0,0,0,0,0,0,0,0,1,5,709611.0
442,Kapil IT Solutions,172599.0,207632.0,223865.0,0,0,1,0,0,0,0,0,0,1,1,0,165082.0
443,Qubit AI,1533136.0,1826347.0,2006492.0,1,0,1,0,0,0,0,0,0,1,1,9,1141865.0
444,Mondel?z International,1747675.0,2099183.0,2270005.0,1,1,1,0,0,0,0,1,0,2,1,8,1251438.0
445,Clovertex,732616.0,880129.0,951411.0,0,1,1,0,0,0,0,1,0,3,0,4,463952.0
446,Nanyang Technological University,239867.0,288255.0,311412.0,1,0,1,0,0,0,0,0,0,3,1,0,149763.0
447,Illinois Institute of Technology,1032697.0,1229123.0,1352620.0,0,0,0,0,0,0,0,0,0,0,1,6,1141771.0
448,Continental Automotive Group,164922.0,198534.0,213772.0,0,0,0,0,0,0,0,0,0,0,1,0,222372.0
449,PK,1097768.0,1314200.0,1430219.0,0,0,1,0,0,0,0,1,0,2,1,6,1230747.0
450,Shashank Medi Pharma,195731.0,234881.0,254446.0,0,0,0,0,0,0,0,0,0,0,0,0,180882.0
451,NextGenVision Technology,918856.0,1105267.0,1191874.0,1,0,1,0,0,0,0,0,0,0,1,3,606075.0
452,"AnalyticsPlus, LLC",679626.0,816959.0,882105.0,0,0,0,0,0,0,0,0,0,0,0,4,347211.0
453,StockX,1728054.0,2072454.0,2247680.0,1,1,0,0,0,0,0,0,0,0,1,10,1203087.0
454,Big J Enterprises,208641.0,252308.0,269294.0,1,1,0,0,0,0,0,1,0,2,0,0,232499.0
455,Meesho,1171403.0,1407700.0,1520807.0,1,1,1,0,0,0,0,0,0,2,1,6,1219861.0
456,Tiger Anlaytics,1378823.0,1647147.0,1799911.0,1,0,1,0,0,0,0,0,0,0,1,9,1163106.0
457,Resonance (India),201033.0,242298.0,260285.0,0,0,1,0,0,0,0,1,1,0,1,0,156398.0
458,Educational Initiatives,1090642.0,1304967.0,1421639.0,1,0,1,0,0,0,0,1,0,2,1,6,1252921.0
459,DB Corp,720184.0,862687.0,937772.0,1,0,1,0,0,0,0,0,1,1,1,3,692509.0
460,Anuj,178045.0,211966.0,233146.0,0,0,1,0,0,0,0,1,1,0,0,0,112755.0
461,Jay Ganesh,683605.0,823243.0,885769.0,1,0,1,0,0,0,1,0,0,2,0,3,326497.0
462,Harkins Theatres,196090.0,192633.0,199929.0,0,0,0,0,0,0,0,0,0,0,0,0,173755.0
463,MobME,644712.0,770768.0,841012.0,1,0,1,0,0,0,0,1,0,2,0,3,559467.0
464,Technohoste services,1505473.0,1815659.0,1948024.0,0,0,1,0,0,0,0,0,0,2,1,8,1256636.0
465,National Informatics Centre,153190.0,163071.0,166217.0,0,0,0,0,0,0,0,0,0,0,1,0,271510.0
466,Prateek Group,166038.0,199539.0,194586.0,1,0,1,0,0,1,1,0,0,0,0,0,276297.0
467,CIERA MICRO TECHNOLOGIES,198532.0,168824.0,199462.0,0,0,0,0,0,0,0,0,0,0,1,0,223361.0
468,RamanByte,152899.0,171048.0,189047.0,1,0,0,1,0,0,1,0,0,0,1,0,174907.0
469,Uplara,176362.0,168704.0,155365.0,1,0,1,0,0,0,0,1,0,2,1,0,240690.0
470,Chili Pili,178767.0,192329.0,184439.0,0,0,1,0,0,0,0,0,1,2,0,0,102143.0
471,ABS,165357.0,167093.0,181368.0,1,1,0,0,0,0,0,1,0,2,0,0,128179.0
472,Teqtive IT Services,185373.0,153877.0,179278.0,1,0,0,0,1,1,1,0,0,0,1,0,212965.0
473,Crunkwave Solutions,164238.0,155862.0,184614.0,0,0,1,0,1,0,1,0,0,0,0,0,135110.0
474,Sujay Feeds,199439.0,192749.0,196122.0,1,0,1,0,0,0,0,0,1,2,1,0,169329.0
475,Stealth Mode Startup,153699.0,187626.0,173709.0,0,0,0,0,0,0,0,0,0,0,0,0,290711.0
476,Maania,159183.0,165218.0,155118.0,0,0,0,0,1,0,1,0,0,0,1,0,195886.0
477,Quint Digital,183023.0,185071.0,186973.0,0,0,1,0,0,0,0,0,1,1,1,0,205710.0
478,Stanza Living,168957.0,198410.0,157353.0,0,0,0,0,0,0,0,0,0,5,1,0,195928.0
479,Secure Meters,165346.0,197390.0,154047.0,0,1,0,0,0,0,0,0,0,5,1,0,111860.0
480,Mobius365,197940.0,152444.0,185890.0,0,0,0,0,0,0,0,0,0,0,1,0,205010.0
481,Transabel,187755.0,161473.0,183127.0,0,0,1,0,0,0,0,0,1,1,1,0,113410.0
482,D&B Technologies,170899.0,177386.0,163248.0,0,0,0,0,0,0,0,0,0,0,1,0,249495.0
483,Life9 Systems,187845.0,161520.0,187532.0,1,1,0,0,0,0,0,0,0,2,1,0,247276.0
484,Bluegen Solutions,189185.0,152381.0,185170.0,1,0,1,0,0,0,0,0,0,0,1,0,151027.0
485,IMDb,194075.0,176017.0,159820.0,0,0,0,0,1,0,1,0,0,0,1,0,195033.0
486,Samatrix.io,171015.0,182465.0,160783.0,1,0,1,0,0,0,0,0,0,2,1,0,245024.0
487,KibbCom,165525.0,162210.0,171503.0,1,0,0,0,0,0,0,0,0,0,0,0,175655.0
488,Creative Circle,169776.0,199086.0,184101.0,0,0,0,0,0,0,0,0,0,0,0,0,119275.0
489,Navriti Technologies,159388.0,168970.0,178956.0,0,0,0,0,0,0,0,0,1,1,0,0,201279.0
490,InvoLead,193267.0,152455.0,157617.0,1,0,1,0,0,0,0,0,0,1,1,0,232187.0
491,Jocata,184160.0,150607.0,194583.0,1,1,0,1,1,1,1,0,0,0,0,0,218057.0
492,Eat Local Eat Natural,164486.0,169555.0,163461.0,1,1,1,0,0,0,0,0,0,0,0,0,244141.0
493,Nomura Holdings,177103.0,187221.0,196983.0,0,0,0,0,0,0,0,0,0,0,0,0,173327.0
494,Indian School of Business,169693.0,189503.0,188217.0,0,0,0,0,0,0,0,0,0,1,0,0,263379.0
495,Center for Railway Information Systems,800392.0,951600.0,1049380.0,0,0,0,0,0,0,0,0,0,0,1,4,778362.0
496,NYU Langone Health,168032.0,157032.0,182035.0,1,0,0,0,0,0,0,0,0,0,1,0,131145.0
497,Simplilearn Solutions,153994.0,171957.0,155959.0,1,1,1,0,0,0,0,0,1,0,0,0,133728.0
498,Logitech,186485.0,168649.0,183447.0,0,0,0,0,0,0,0,0,0,2,0,0,125344.0
499,Adani Group,188775.0,179776.0,179195.0,0,0,1,0,0,0,0,0,1,1,1,0,203259.0
500,Unacademy,198182.0,192029.0,153646.0,1,1,0,0,0,0,0,0,0,2,0,0,197831.0
501,Synopsys,161477.0,185605.0,179716.0,0,0,1,0,0,0,0,0,0,2,1,0,188889.0
502,Innowatts,191025.0,184361.0,158647.0,0,1,0,0,1,0,1,0,0,0,1,0,195841.0
503,TM Systems,194482.0,182369.0,183636.0,1,0,0,0,0,0,0,0,0,0,0,0,297909.0
504,Appberry,177997.0,158794.0,177225.0,0,0,0,0,0,0,0,0,0,1,0,0,137818.0
505,Shree Cement,157857.0,183044.0,369268.0,0,0,0,0,0,0,0,0,0,0,1,0,152181.0
506,GSPANN Technologies,651840.0,775641.0,853959.0,0,0,0,0,0,0,0,0,0,0,0,4,615864.0
507,FactSet,639958.0,774768.0,825128.0,1,0,1,0,0,1,0,0,0,6,0,4,566926.0
508,Develearn Data Sciences Institute,624000.0,751274.0,808726.0,0,1,1,0,0,0,0,0,0,1,1,3,705221.0
509,Zebra Technologies,1029440.0,1239240.0,1334361.0,0,0,1,0,0,0,0,0,0,1,0,6,1062185.0
510,SiCureMi,183316.0,218904.0,239386.0,0,0,0,0,0,0,0,0,0,0,1,0,110552.0
511,Neurosensum,490284.0,590937.0,634774.0,0,0,1,0,0,0,0,0,1,1,0,0,111876.0
512,NICE Actimize,1105153.0,952180.0,1810703.0,0,0,0,0,0,0,0,0,0,0,1,6,1135924.0
513,Intellicar,1111385.0,801177.0,1977285.0,0,0,0,0,0,0,0,0,0,0,1,5,787063.0
514,Raja Software Labs,314953.0,205514.0,581868.0,1,0,1,0,0,0,0,0,0,0,1,0,187304.0
515,Zinnov Management Consulting,887352.0,1005809.0,1212572.0,0,0,0,0,0,0,0,0,0,4,1,3,724189.0
516,Shyena Tech Yarns,416666.0,404098.0,637566.0,0,0,0,0,0,0,0,0,0,0,1,0,236139.0
517,All On Block,529528.0,180672.0,1213294.0,0,1,0,0,0,0,0,1,0,2,0,3,539593.0
518,Jash Data Sciences,559676.0,617209.0,781982.0,0,0,1,0,0,0,0,0,0,0,0,4,378087.0
519,Think Analytics,503681.0,516256.0,742947.0,0,0,0,0,1,0,1,0,0,0,1,3,758927.0
520,GlobalLogic,786260.0,935510.0,1030140.0,0,0,0,0,0,0,0,0,0,1,1,4,735136.0
521,WinWire Technologies,1041752.0,1228763.0,1375618.0,0,0,0,0,0,0,0,0,0,0,0,6,873286.0
522,Excelra Knowledge Solutions,376124.0,383648.0,556663.0,0,0,0,0,0,0,0,0,0,1,0,1,185974.0
523,Bharat Heavy Electricals,1396306.0,1643113.0,1847652.0,1,1,1,0,0,0,0,1,0,2,1,9,1260713.0
524,Asian Paints,817683.0,973250.0,1070958.0,1,1,1,0,0,0,0,1,1,0,1,4,683500.0
525,Unemployed Help Centre,248704.0,167880.0,515565.0,1,1,1,0,0,0,0,1,1,0,0,0,142598.0
526,BRIDGEi2i,1168088.0,1290657.0,1629562.0,0,0,1,0,0,0,0,1,0,0,0,6,1006022.0
527,Evalueserve,1195045.0,855975.0,2131638.0,1,0,0,0,0,0,0,0,0,6,0,5,623223.0
528,PolicyBazaar,869781.0,1018563.0,1155890.0,1,0,0,0,0,0,0,0,0,0,0,3,687616.0
529,CBRE,930697.0,728839.0,1597903.0,1,0,1,0,0,0,0,0,0,0,1,3,678442.0
530,Athena Global Technologies,753423.0,850357.0,1033200.0,1,0,0,0,0,0,0,0,0,0,0,4,611282.0
531,RateGain,186428.0,162636.0,278457.0,0,0,1,0,0,0,0,0,1,1,0,0,188178.0
532,Continental,182481.0,157382.0,179936.0,1,0,1,0,0,0,0,1,0,6,0,0,232989.0
533,Goldman Sachs,176292.0,171671.0,311847.0,1,0,1,0,0,0,0,1,0,2,1,0,233618.0
534,FreeCharge,667659.0,799012.0,870135.0,0,0,0,0,0,0,0,0,0,0,1,4,785791.0
535,Digité,153072.0,160649.0,186956.0,0,0,0,0,0,0,0,0,0,0,1,0,178588.0
536,Kabbage,1709642.0,1936766.0,2337339.0,1,0,1,0,0,0,0,0,1,0,1,9,1224491.0
537,Xebia,1388649.0,755470.0,2716153.0,1,0,0,0,0,0,1,0,0,0,0,10,973665.0
538,Elucidata (MA),172571.0,197914.0,153783.0,1,1,1,0,0,0,0,0,1,0,1,0,209193.0
539,GE,192160.0,180075.0,186621.0,1,0,1,0,0,0,0,0,0,0,0,0,253014.0
540,nference,1604119.0,1561956.0,2448342.0,0,0,0,0,0,0,0,0,0,6,0,10,1180279.0
541,Fresherworld.com,245407.0,192486.0,553963.0,0,1,0,0,0,0,0,0,0,0,0,0,280366.0
542,"U.S. District Court, Southern District of Ohio",193997.0,166860.0,180302.0,0,1,1,0,0,0,0,0,0,1,0,0,106985.0
543,Krishna Consultants,466524.0,441456.0,724855.0,1,1,1,0,0,0,0,0,0,0,0,1,256476.0
544,Freshers.com,174979.0,197094.0,194090.0,1,0,1,0,0,1,0,0,0,0,1,0,224410.0
545,Wellness Forever,408349.0,489659.0,531214.0,0,1,0,0,0,0,0,0,0,0,0,1,159649.0
546,Avail Finance,184371.0,162202.0,170196.0,0,0,0,0,0,0,0,0,0,0,1,0,252967.0
547,Morgan Stanley,170888.0,150923.0,197400.0,0,0,1,0,0,0,0,0,1,4,1,0,237424.0
548,Deloitte,195633.0,198274.0,151426.0,0,0,1,0,0,0,0,0,0,1,0,0,264895.0
549,Saama Technologies,592500.0,340837.0,1140412.0,1,0,0,0,0,0,0,0,0,0,1,4,778448.0
550,Aptus Data Labs,592500.0,340837.0,1140412.0,0,1,0,0,0,0,0,0,0,2,0,3,667274.0
553,Teleperformance,801709.0,154272.0,1850000.0,1,1,1,0,1,0,1,0,0,6,1,4,604964.0
554,ADP,871528.0,366656.0,1812165.0,0,0,0,0,0,0,0,0,0,0,1,3,682232.0
555,Optum Global Solutions India,1085963.0,975172.0,1739736.0,0,0,0,0,0,0,0,0,0,0,1,5,709780.0
556,HighRadius,747744.0,305547.0,1563813.0,0,0,0,0,0,0,0,0,0,0,1,4,639696.0
557,T-Systems,904353.0,736376.0,1524506.0,1,1,1,0,0,0,0,1,0,0,1,3,708255.0
558,Bank of America,1181941.0,1219277.0,1735575.0,0,0,0,0,0,0,0,0,0,0,1,6,1281011.0
559,Alumnus Software,480002.0,441825.0,758181.0,0,1,0,0,0,0,0,0,0,0,1,2,153448.0
560,Celebal Technologies,562958.0,407396.0,1000000.0,1,1,1,0,0,0,0,1,0,2,0,4,563097.0
561,Zomato,1380352.0,743092.0,2707788.0,0,0,1,0,0,0,0,0,0,1,1,8,1260296.0
562,Ashok Leyland,709433.0,212312.0,1561270.0,0,0,1,0,0,0,0,0,0,1,1,4,723628.0
563,IVL Global,578286.0,694043.0,751673.0,1,0,1,0,0,0,0,0,0,1,1,4,792895.0
564,Uber,2157415.0,1893537.0,3500000.0,1,0,1,0,0,0,0,0,0,0,0,10,1181369.0
565,Aditya Birla Group,949456.0,640655.0,1732984.0,0,0,0,0,0,0,0,0,0,0,0,3,332653.0
566,Decimal Point Analytics,829141.0,828933.0,1243919.0,0,0,0,0,0,0,0,0,0,0,0,4,670029.0
567,Zeta Suite,1229196.0,512507.0,2560483.0,0,0,0,0,0,0,0,0,0,0,0,6,872395.0
568,Barclays,1363762.0,1077056.0,2332349.0,0,0,0,0,0,0,0,0,0,0,1,8,1235970.0
569,UST,499157.0,172092.0,1145473.0,0,0,0,0,0,0,0,0,0,0,0,0,247033.0
570,OLX Group,1550334.0,1075834.0,2800000.0,0,0,0,0,0,0,0,0,0,0,1,7,1185210.0
571,ValueLabs,1462587.0,1003709.0,2652758.0,1,1,0,0,1,0,1,0,0,6,0,8,1075502.0
572,Milkbasket,1079814.0,1207163.0,1492371.0,1,0,1,0,0,0,0,0,1,1,1,6,1198783.0
573,ADF Data Science,612786.0,480000.0,1051965.0,0,0,0,0,0,0,0,0,0,0,1,4,682248.0
574,Aruba Networks,1496697.0,1541742.0,2200000.0,1,1,1,0,0,0,0,0,0,2,0,7,890798.0
575,AGS Health,374054.0,427103.0,508032.0,0,0,0,0,0,0,0,0,0,0,1,0,220498.0
576,Visa Inc.,1194511.0,242555.0,2743723.0,0,1,0,0,0,0,0,0,0,0,1,5,739756.0
577,Priya Softweb Solutions,317326.0,266554.0,526762.0,1,1,1,0,0,0,0,1,0,2,1,1,189738.0
578,vitrana,1074526.0,1025013.0,1661303.0,0,0,0,0,0,0,0,0,0,0,1,6,1243203.0
579,OfBusiness,1020786.0,1051965.0,1500000.0,0,0,0,0,0,0,0,0,0,0,1,5,692874.0
580,CIOP,467773.0,557394.0,612039.0,1,0,0,0,0,0,0,0,0,0,0,1,277174.0
